Titel,Artist,Playlist
Daddy (Clean),Blueface,auto_download
Lonely (Extended) (Instrumental), Joel Corry,Dance
Dumebi (Major Lazer Remix) (Clean),Rema,auto_download
Wings (Extended Mix), Armand Van Helden,House
Down,Jay Sean ft Lil Wayne,2000er
Fire Burning On The Dancefloor,Sean Kingston,Dancehall
Move Up Ya Body (Original Mix),Johnny Roxx ft Konshens,Dancehall
Shen Yeng Anthem (Clean), Shenseea,Dancehall
Drunk Girls In The Club (Clean),Jump Smokers ft Jermain Dupri,auto_download
Crazy (Radio Edit), Gnarls Barkley,2000er
Later Bitches (Radio Edit) (Clean), The Prince Karma,House
Money Play (Main), Burna Boy,Dancehall
Apologize (Sultan & Shepard Remix),Timbaland ft OneRepublic,2000er
Toosie Slide (Intro Outro) (Dirty),Drake,Hip_Hop_New
Trust The Process (Original Mix), Dombresky,House
Like Glue (David S One Dance Remix),Sean Paul,Dancehall
Lights Go Down (Clean),Syn Cole ft Dakota,House
Falling Like Angels (Original Mix), CLMD,Dance
Break Your Heart.MP3,Taio Cruz,2000er
Shed A Light (Radio Edit),Robin Schulz & David Guetta ft Cheat Codes,House
Fergalicious (N Code Bootleg Remix), Fergie,2000er
Knockout (Extended),Tungevaag,Dance
Anybody (Radio Edit), Burna Boy,Dancehall
Love Is Gone (Vuk Milivojevics Bad Things Remix), David Guetta and Chris Willis,2000er
Really Need You,Gyptian & Mike Yangstar,Dancehall
Walking On A Dream (Mike Foyle And X Vertigo Remix), Empire Of The Sun,2000er
Condo (Clean), Afro B ft T Pain,Dancehall
Knockout (Extended),Tungevaag,Dance
Con Calma, Daddy Yankee ft Snow,Dancehall
Routine (Clean),Wale ft Rick Ross & Meek Mill,auto_download
Kranium ft Ty Dolla Sign - Nobody Has To Know (Intro Outro) (Dirty),Kranium ft Ty Dolla Sign,Dancehall
One Wine (Instrumental),Machel Montano & Sean Paul ft Major Lazer,Dancehall
Pookie (Remix) (Intro Outro) (Dirty),Aya Nakamura ft Lil Pump,Dancehall
Ay Ya Ya Ya (Snip Hitz) (Dirty),Yella Beezy ft Ty Dolla Sign,auto_download
Up All Night (Main), R3hab & MOTi ft Fiora,House
Chu Chu (Intro Outro) (Dirty), Kybba & Tribal Kush ft Leftside,Dancehall
Gyal Wine To Di Top,Vybz Kartel,Dancehall
Down With You (Main), Calippo,House
Live My Life (Wideboys Radio Edit Remix), Far East Movement ft Justin Bieber,2000er
Robin Schulz ft Marc Scibilia - Unforgettable (Radio Edit),Robin Schulz ft Marc Scibilia,House
Legacy (Clean), Rygin King,Dancehall
Camelot (Remix) (Dirty),"NLE Choppa ft Yo Gotti, Blocboy JB & Moneybagg Yo",auto_download
Head Knock (Clean),Ja Rule ft Merc Montana,auto_download
Insane (Radio Edit), Ofenbach,Dance
Megan Thee Stallion - Ride Or Die (Intro Outro) (Clean),Megan Thee Stallion,auto_download
Nuttin Nuh Go So (Intro Outro) (Dirty), Notch,Dancehall
Rude Boy (Intro Outro) (Clean),Rihanna,2000er
," Lizot, Holy Molly",Dance
Too Many (Clean),Tyga,auto_download
Tek Weh Yuh Heart (Dirty),Sean Paul ft Tory Lanez,auto_download
Gimme The Light (Intro) Club),Sean Paul,auto_download
Run Run Run (Original), Junge Junge ft Kyle Pearce,House
We Are The People (Axwell Remix), Empire Of The Sun,2000er
100 Thousand (Dirty), Ayo Beatz ft Wavy Boy Smith,Dancehall
Uptown II (Dirty),Meek Mill ft Farruko,auto_download
Love On Me (CID Remix),Galantis & Hook N Sling,House
El Chapo (Dirty),The Game ft Skrillex,Dancehall
Adan Y Eva (Radio Edit),Paulo Londra,Dancehall
YES (Clean),Fat Joe & Dre ft Anuel AA & Cardi B,auto_download
Tondo (Club Mix), Disclosure,House
Criminal, Natti Natasha ft Ozuna,Dancehall
Senseless (Intro Outro) (Dirty),Stefflon Don,Dancehall
Sensualidad,Bad Bunny ft J Balvin & Prince Royce,Dancehall
Summer Time, Vybz Kartel,Dancehall
Lonely (Acapella),Akon,2000er
Deep Inside 09 (Remix), Hardrive,House
Shot & Wine (Intro Clean),Sean Paul ft Stefflon Don,Dancehall
Hit Me Up (Clean), Stefflon Don,Dancehall
Hipnosis,Zion Y Lennox,Dancehall
Amantes De Una Noche,Natti Natasha & Bad Bunny,Dancehall
Swing,Elephant Man,Dancehall
Are You With Me (Original Mix), Lost Frequencies,2000er
Stereo Love (Original Mix), Edward Maya ft Vika Jigulina,House
